deploymentNumber,Reference Designator,sensor.uid,startDateTime,stopDateTime,lat,lon,mooring.uid,CUID_Deploy,node.uid,versionNumber,deployedBy,CUID_Recover,recoveredBy,orbit,deployment_depth,water_depth,notes,electrical.uid,assembly_template_revision
1,CE09OSPM-SBS01-00-STCENG000,CGCON-BSTC01-00003,2014-04-19T00:58:00,2014-08-15T00:00:00,46.85173,-124.97145,CGMCE-09OSPM-00001,OC1404B,,1,,OC1410A,,,0,533,nominal_depth,,B
1,CE09OSPM-SBS01-01-MOPAK0000,CGINS-MOPAK0-11353,2014-04-19T00:58:00,2014-08-15T00:00:00,46.85173,-124.97145,CGMCE-09OSPM-00001,OC1404B,CGVEH-CWFPCE-99103,1,,OC1410A,,,0,533,nominal_depth,,B
1,CE09OSPM-WFP01-00-WFPENG000,CGCON-CWFPCE-99103,2014-04-19T00:58:00,2014-08-15T00:00:00,46.85173,-124.97145,CGMCE-09OSPM-00001,OC1404B,CGVEH-CWFPCE-99103,1,,OC1410A,,,533,533,nominal_depth,,B
1,CE09OSPM-WFP01-01-VEL3DK000,CGINS-VEL3DK-00014,2014-04-19T00:58:00,2014-08-15T00:00:00,46.85173,-124.97145,CGMCE-09OSPM-00001,OC1404B,CGVEH-CWFPCE-99103,1,,OC1410A,,,533,533,nominal_depth,,B
1,CE09OSPM-WFP01-02-DOFSTK000,CGINS-DOFSTK-02496,2014-04-19T00:58:00,2014-08-15T00:00:00,46.85173,-124.97145,CGMCE-09OSPM-00001,OC1404B,CGVEH-CWFPCE-99103,1,,OC1410A,,,533,533,nominal_depth,,B
1,CE09OSPM-WFP01-03-CTDPFK000,CGINS-CTDPFK-00110,2014-04-19T00:58:00,2014-08-15T00:00:00,46.85173,-124.97145,CGMCE-09OSPM-00001,OC1404B,CGVEH-CWFPCE-99103,1,,OC1410A,,,533,533,nominal_depth,,B
1,CE09OSPM-WFP01-04-FLORTK000,CGINS-FLORTK-01030,2014-04-19T00:58:00,2014-08-15T00:00:00,46.85173,-124.97145,CGMCE-09OSPM-00001,OC1404B,CGVEH-CWFPCE-99103,1,,OC1410A,,,533,533,nominal_depth,,B
1,CE09OSPM-WFP01-05-PARADK000,CGINS-PARADK-20438,2014-04-19T00:58:00,2014-08-15T00:00:00,46.85173,-124.97145,CGMCE-09OSPM-00001,OC1404B,CGVEH-CWFPCE-99103,1,,OC1410A,,,533,533,nominal_depth,,B
2,CE09OSPM-SBS01-00-STCENG000,CGCON-BSTC01-00011,2014-10-08T19:12:00,2015-04-06T03:20:00,46.85295,-124.96630,CGMCE-09OSPM-00002,OC1410A,,1,,OC1503D,,,0,533,nominal_depth,,B
2,CE09OSPM-SBS01-01-MOPAK0000,CGINS-MOPAK0-11343,2014-10-08T19:12:00,2015-04-06T03:20:00,46.85295,-124.96630,CGMCE-09OSPM-00002,OC1410A,CGVEH-CWFPCE-99104,1,,OC1503D,,,0,533,nominal_depth,,B
2,CE09OSPM-WFP01-00-WFPENG000,CGCON-CWFPCE-99104,2014-10-08T19:12:00,2015-04-06T03:20:00,46.85295,-124.96630,CGMCE-09OSPM-00002,OC1410A,CGVEH-CWFPCE-99104,1,,OC1503D,,,533,533,nominal_depth,,B
2,CE09OSPM-WFP01-01-VEL3DK000,CGINS-VEL3DK-00017,2014-10-08T19:12:00,2015-04-06T03:20:00,46.85295,-124.96630,CGMCE-09OSPM-00002,OC1410A,CGVEH-CWFPCE-99104,1,,OC1503D,,,533,533,nominal_depth,,B
2,CE09OSPM-WFP01-02-DOFSTK000,CGINS-DOFSTK-02498,2014-10-08T19:12:00,2015-04-06T03:20:00,46.85295,-124.96630,CGMCE-09OSPM-00002,OC1410A,CGVEH-CWFPCE-99104,1,,OC1503D,,,533,533,nominal_depth,,B
2,CE09OSPM-WFP01-03-CTDPFK000,CGINS-CTDPFK-00112,2014-10-08T19:12:00,2015-04-06T03:20:00,46.85295,-124.96630,CGMCE-09OSPM-00002,OC1410A,CGVEH-CWFPCE-99104,1,,OC1503D,,,533,533,nominal_depth,,B
2,CE09OSPM-WFP01-04-FLORTK000,CGINS-FLORTK-01032,2014-10-08T19:12:00,2015-04-06T03:20:00,46.85295,-124.96630,CGMCE-09OSPM-00002,OC1410A,CGVEH-CWFPCE-99104,1,,OC1503D,,,533,533,nominal_depth,,B
2,CE09OSPM-WFP01-05-PARADK000,CGINS-PARADK-20448,2014-10-08T19:12:00,2015-04-06T03:20:00,46.85295,-124.96630,CGMCE-09OSPM-00002,OC1410A,CGVEH-CWFPCE-99104,1,,OC1503D,,,533,533,nominal_depth,,B
3,CE09OSPM-SBS01-00-STCENG000,CGCON-BSTC01-00003,2015-04-06T02:25:00,2015-10-16T23:00:00,46.85167,-124.96667,CGMCE-09OSPM-00003,OC1503D,,1,,OC1510A,,,0,533,nominal_depth,,B
3,CE09OSPM-SBS01-01-MOPAK0000,CGINS-MOPAK0-11353,2015-04-06T02:25:00,2015-10-16T23:00:00,46.85167,-124.96667,CGMCE-09OSPM-00003,OC1503D,CGVEH-CWFPCE-99103,1,,OC1510A,,,0,533,nominal_depth,,B
3,CE09OSPM-WFP01-00-WFPENG000,CGCON-CWFPCE-99103,2015-04-06T02:25:00,2015-10-16T23:00:00,46.85167,-124.96667,CGMCE-09OSPM-00003,OC1503D,CGVEH-CWFPCE-99103,1,,OC1510A,,,533,533,nominal_depth,,B
3,CE09OSPM-WFP01-01-VEL3DK000,CGINS-VEL3DK-00014,2015-04-06T02:25:00,2015-10-16T23:00:00,46.85167,-124.96667,CGMCE-09OSPM-00003,OC1503D,CGVEH-CWFPCE-99103,1,,OC1510A,,,533,533,nominal_depth,,B
3,CE09OSPM-WFP01-02-DOFSTK000,CGINS-DOFSTK-02496,2015-04-06T02:25:00,2015-10-16T23:00:00,46.85167,-124.96667,CGMCE-09OSPM-00003,OC1503D,CGVEH-CWFPCE-99103,1,,OC1510A,,,533,533,nominal_depth,,B
3,CE09OSPM-WFP01-03-CTDPFK000,CGINS-CTDPFK-00110,2015-04-06T02:25:00,2015-10-16T23:00:00,46.85167,-124.96667,CGMCE-09OSPM-00003,OC1503D,CGVEH-CWFPCE-99103,1,,OC1510A,,,533,533,nominal_depth,,B
3,CE09OSPM-WFP01-04-FLORTK000,CGINS-FLORTK-01030,2015-04-06T02:25:00,2015-10-16T23:00:00,46.85167,-124.96667,CGMCE-09OSPM-00003,OC1503D,CGVEH-CWFPCE-99103,1,,OC1510A,,,533,533,nominal_depth,,B
3,CE09OSPM-WFP01-05-PARADK000,CGINS-PARADK-20438,2015-04-06T02:25:00,2015-10-16T23:00:00,46.85167,-124.96667,CGMCE-09OSPM-00003,OC1503D,CGVEH-CWFPCE-99103,1,,OC1510A,,,533,533,nominal_depth,,B
4,CE09OSPM-SBS01-00-STCENG000,CGCON-BSTC01-00011,2015-10-16T21:56:00,2016-05-07T02:00:00,46.85207,-124.96600,CGMCE-09OSPM-00004,OC1510A,,1,,TN342,,,0,533,nominal_depth,,B
4,CE09OSPM-SBS01-01-MOPAK0000,CGINS-MOPAK0-11343,2015-10-16T21:56:00,2016-05-07T02:00:00,46.85207,-124.96600,CGMCE-09OSPM-00004,OC1510A,CGVEH-CWFPCE-99104,1,,TN342,,,0,533,nominal_depth,,B
4,CE09OSPM-WFP01-00-WFPENG000,CGCON-CWFPCE-99104,2015-10-16T21:56:00,2016-05-07T02:00:00,46.85207,-124.96600,CGMCE-09OSPM-00004,OC1510A,CGVEH-CWFPCE-99104,1,,TN342,,,533,533,nominal_depth,,B
4,CE09OSPM-WFP01-01-VEL3DK000,CGINS-VEL3DK-00017,2015-10-16T21:56:00,2016-05-07T02:00:00,46.85207,-124.96600,CGMCE-09OSPM-00004,OC1510A,CGVEH-CWFPCE-99104,1,,TN342,,,533,533,nominal_depth,,B
4,CE09OSPM-WFP01-02-DOFSTK000,CGINS-DOFSTK-02498,2015-10-16T21:56:00,2016-05-07T02:00:00,46.85207,-124.96600,CGMCE-09OSPM-00004,OC1510A,CGVEH-CWFPCE-99104,1,,TN342,,,533,533,nominal_depth,,B
4,CE09OSPM-WFP01-03-CTDPFK000,CGINS-CTDPFK-00112,2015-10-16T21:56:00,2016-05-07T02:00:00,46.85207,-124.96600,CGMCE-09OSPM-00004,OC1510A,CGVEH-CWFPCE-99104,1,,TN342,,,533,533,nominal_depth,,B
4,CE09OSPM-WFP01-04-FLORTK000,CGINS-FLORTK-01032,2015-10-16T21:56:00,2016-05-07T02:00:00,46.85207,-124.96600,CGMCE-09OSPM-00004,OC1510A,CGVEH-CWFPCE-99104,1,,TN342,,,533,533,nominal_depth,,B
4,CE09OSPM-WFP01-05-PARADK000,CGINS-PARADK-20448,2015-10-16T21:56:00,2016-05-07T02:00:00,46.85207,-124.96600,CGMCE-09OSPM-00004,OC1510A,CGVEH-CWFPCE-99104,1,,TN342,,,533,533,nominal_depth,,B
5,CE09OSPM-SBS01-00-STCENG000,CGCON-BSTC01-00003,2016-05-12T22:30:00,2016-09-21T15:01:00,46.85128,-124.98210,CGMCE-09OSPM-00005,TN342,,1,,AT37-03,,,0,533,nominal_depth,,B
5,CE09OSPM-SBS01-01-MOPAK0000,CGINS-MOPAK0-11353,2016-05-12T22:30:00,2016-09-21T15:01:00,46.85128,-124.98210,CGMCE-09OSPM-00005,TN342,CGVEH-CWFPCE-99103,1,,AT37-03,,,0,533,nominal_depth,,B
5,CE09OSPM-WFP01-00-WFPENG000,CGCON-CWFPCE-99103,2016-05-12T22:30:00,2016-09-21T15:01:00,46.85128,-124.98210,CGMCE-09OSPM-00005,TN342,CGVEH-CWFPCE-99103,1,,AT37-03,,,533,533,nominal_depth,,B
5,CE09OSPM-WFP01-01-VEL3DK000,CGINS-VEL3DK-00014,2016-05-12T22:30:00,2016-09-21T15:01:00,46.85128,-124.98210,CGMCE-09OSPM-00005,TN342,CGVEH-CWFPCE-99103,1,,AT37-03,,,533,533,nominal_depth,,B
5,CE09OSPM-WFP01-02-DOFSTK000,CGINS-DOFSTK-02496,2016-05-12T22:30:00,2016-09-21T15:01:00,46.85128,-124.98210,CGMCE-09OSPM-00005,TN342,CGVEH-CWFPCE-99103,1,,AT37-03,,,533,533,nominal_depth,,B
5,CE09OSPM-WFP01-03-CTDPFK000,CGINS-CTDPFK-00110,2016-05-12T22:30:00,2016-09-21T15:01:00,46.85128,-124.98210,CGMCE-09OSPM-00005,TN342,CGVEH-CWFPCE-99103,1,,AT37-03,,,533,533,nominal_depth,,B
5,CE09OSPM-WFP01-04-FLORTK000,CGINS-FLORTK-01030,2016-05-12T22:30:00,2016-09-21T15:01:00,46.85128,-124.98210,CGMCE-09OSPM-00005,TN342,CGVEH-CWFPCE-99103,1,,AT37-03,,,533,533,nominal_depth,,B
5,CE09OSPM-WFP01-05-PARADK000,CGINS-PARADK-20438,2016-05-12T22:30:00,2016-09-21T15:01:00,46.85128,-124.98210,CGMCE-09OSPM-00005,TN342,CGVEH-CWFPCE-99103,1,,AT37-03,,,533,533,nominal_depth,,B
6,CE09OSPM-SBS01-00-STCENG000,CGCON-BSTC01-00011,2016-09-22T02:18:00,2017-04-12T23:12:00,46.85165,-124.98229,CGMCE-09OSPM-00006,AT37-03,,1,,SKQ201704S,,,0,533,nominal_depth,,B
6,CE09OSPM-SBS01-01-MOPAK0000,CGINS-MOPAK0-11343,2016-09-22T02:18:00,2017-04-12T23:12:00,46.85165,-124.98229,CGMCE-09OSPM-00006,AT37-03,CGVEH-CWFPCE-99104,1,,SKQ201704S,,,0,533,nominal_depth,,B
6,CE09OSPM-WFP01-00-WFPENG000,CGCON-CWFPCE-99104,2016-09-22T02:18:00,2017-04-12T23:12:00,46.85165,-124.98229,CGMCE-09OSPM-00006,AT37-03,CGVEH-CWFPCE-99104,1,,SKQ201704S,,,533,533,nominal_depth,,B
6,CE09OSPM-WFP01-01-VEL3DK000,CGINS-VEL3DK-00017,2016-09-22T02:18:00,2017-04-12T23:12:00,46.85165,-124.98229,CGMCE-09OSPM-00006,AT37-03,CGVEH-CWFPCE-99104,1,,SKQ201704S,,,533,533,nominal_depth,,B
6,CE09OSPM-WFP01-02-DOFSTK000,CGINS-DOFSTK-02498,2016-09-22T02:18:00,2017-04-12T23:12:00,46.85165,-124.98229,CGMCE-09OSPM-00006,AT37-03,CGVEH-CWFPCE-99104,1,,SKQ201704S,,,533,533,nominal_depth,,B
6,CE09OSPM-WFP01-03-CTDPFK000,CGINS-CTDPFK-00112,2016-09-22T02:18:00,2017-04-12T23:12:00,46.85165,-124.98229,CGMCE-09OSPM-00006,AT37-03,CGVEH-CWFPCE-99104,1,,SKQ201704S,,,533,533,nominal_depth,,B
6,CE09OSPM-WFP01-04-FLORTK000,CGINS-FLORTK-01032,2016-09-22T02:18:00,2017-04-12T23:12:00,46.85165,-124.98229,CGMCE-09OSPM-00006,AT37-03,CGVEH-CWFPCE-99104,1,,SKQ201704S,,,533,533,nominal_depth,,B
6,CE09OSPM-WFP01-05-PARADK000,CGINS-PARADK-20448,2016-09-22T02:18:00,2017-04-12T23:12:00,46.85165,-124.98229,CGMCE-09OSPM-00006,AT37-03,CGVEH-CWFPCE-99104,1,,SKQ201704S,,,533,533,nominal_depth,,B
7,CE09OSPM-SBS01-00-STCENG000,CGCON-BSTC01-00011,2017-04-12T19:16:00,2017-10-03T20:13:27,46.85262,-124.97714,CGMCE-09OSPM-00007,SKQ201704S,,1,,SKQ201715S,,,0,533,,,B
7,CE09OSPM-SBS01-01-MOPAK0000,CGINS-MOPAK0-11343,2017-04-12T19:16:00,2017-10-03T20:13:27,46.85262,-124.97714,CGMCE-09OSPM-00007,SKQ201704S,CGVEH-CWFPCE-99103,1,,SKQ201715S,,,0,533,,,B
7,CE09OSPM-WFP01-00-WFPENG000,CGCON-CWFPCE-99103,2017-04-12T19:16:00,2017-10-03T20:13:27,46.85262,-124.97714,CGMCE-09OSPM-00007,SKQ201704S,CGVEH-CWFPCE-99103,1,,SKQ201715S,,,533,533,,,B
7,CE09OSPM-WFP01-01-VEL3DK000,CGINS-VEL3DK-00014,2017-04-12T19:16:00,2017-10-03T20:13:27,46.85262,-124.97714,CGMCE-09OSPM-00007,SKQ201704S,CGVEH-CWFPCE-99103,1,,SKQ201715S,,,533,533,,,B
7,CE09OSPM-WFP01-02-DOFSTK000,CGINS-DOFSTK-02496,2017-04-12T19:16:00,2017-10-03T20:13:27,46.85262,-124.97714,CGMCE-09OSPM-00007,SKQ201704S,CGVEH-CWFPCE-99103,1,,SKQ201715S,,,533,533,,,B
7,CE09OSPM-WFP01-03-CTDPFK000,CGINS-CTDPFK-00110,2017-04-12T19:16:00,2017-10-03T20:13:27,46.85262,-124.97714,CGMCE-09OSPM-00007,SKQ201704S,CGVEH-CWFPCE-99103,1,,SKQ201715S,,,533,533,,,B
7,CE09OSPM-WFP01-04-FLORTK000,CGINS-FLORTK-01030,2017-04-12T19:16:00,2017-10-03T20:13:27,46.85262,-124.97714,CGMCE-09OSPM-00007,SKQ201704S,CGVEH-CWFPCE-99103,1,,SKQ201715S,,,533,533,,,B
7,CE09OSPM-WFP01-05-PARADK000,CGINS-PARADK-20438,2017-04-12T19:16:00,2017-10-03T20:13:27,46.85262,-124.97714,CGMCE-09OSPM-00007,SKQ201704S,CGVEH-CWFPCE-99103,1,,SKQ201715S,,,533,533,,,B
8,CE09OSPM-SBS01-00-STCENG000,CGCON-BSTC01-00003,2017-10-04T17:52:27,2018-03-26T22:42:00,46.85070,-124.97075,CGMCE-09OSPM-00008,SKQ201715S,,1,,SKQ201808S,,,0,533,,,B
8,CE09OSPM-SBS01-01-MOPAK0000,CGINS-MOPAK0-11353,2017-10-04T17:52:27,2018-03-26T22:42:00,46.85070,-124.97075,CGMCE-09OSPM-00008,SKQ201715S,CGVEH-CWFPCE-37801,1,,SKQ201808S,,,0,533,,,B
8,CE09OSPM-WFP01-00-WFPENG000,CGCON-CWFPCE-37801,2017-10-04T17:52:27,2018-03-26T22:42:00,46.85070,-124.97075,CGMCE-09OSPM-00008,SKQ201715S,CGVEH-CWFPCE-37801,1,,SKQ201808S,,,533,533,,,B
8,CE09OSPM-WFP01-01-VEL3DK000,CGINS-VEL3DK-00475,2017-10-04T17:52:27,2018-03-26T22:42:00,46.85070,-124.97075,CGMCE-09OSPM-00008,SKQ201715S,CGVEH-CWFPCE-37801,1,,SKQ201808S,,,533,533,,,B
8,CE09OSPM-WFP01-02-DOFSTK000,CGINS-DOFSTK-03535,2017-10-04T17:52:27,2018-03-26T22:42:00,46.85070,-124.97075,CGMCE-09OSPM-00008,SKQ201715S,CGVEH-CWFPCE-37801,1,,SKQ201808S,,,533,533,,,B
8,CE09OSPM-WFP01-03-CTDPFK000,CGINS-CTDPFK-00189,2017-10-04T17:52:27,2018-03-26T22:42:00,46.85070,-124.97075,CGMCE-09OSPM-00008,SKQ201715S,CGVEH-CWFPCE-37801,1,,SKQ201808S,,,533,533,,,B
8,CE09OSPM-WFP01-04-FLORTK000,CGINS-FLORTK-01602,2017-10-04T17:52:27,2018-03-26T22:42:00,46.85070,-124.97075,CGMCE-09OSPM-00008,SKQ201715S,CGVEH-CWFPCE-37801,1,,SKQ201808S,,,533,533,,,B
8,CE09OSPM-WFP01-05-PARADK000,CGINS-PARADK-20555,2017-10-04T17:52:27,2018-03-26T22:42:00,46.85070,-124.97075,CGMCE-09OSPM-00008,SKQ201715S,CGVEH-CWFPCE-37801,1,,SKQ201808S,,,533,533,,,B
9,CE09OSPM-SBS01-00-STCENG000,CGCON-BSTC01-00011,2018-03-26T20:20:00,2018-09-23T20:31:00,46.85372,-124.96685,CGMCE-09OSPM-00009,SKQ201808S,,1,,SR1813,,,0,533,,,B
9,CE09OSPM-SBS01-01-MOPAK0000,CGINS-MOPAK0-11343,2018-03-26T20:20:00,2018-09-23T20:31:00,46.85372,-124.96685,CGMCE-09OSPM-00009,SKQ201808S,CGVEH-CWFPCE-99103,1,,SR1813,,,0,533,,,B
9,CE09OSPM-WFP01-00-WFPENG000,CGCON-CWFPCE-99103,2018-03-26T20:20:00,2018-09-23T20:31:00,46.85372,-124.96685,CGMCE-09OSPM-00009,SKQ201808S,CGVEH-CWFPCE-99103,1,,SR1813,,,533,533,,,B
9,CE09OSPM-WFP01-01-VEL3DK000,CGINS-VEL3DK-00014,2018-03-26T20:20:00,2018-09-23T20:31:00,46.85372,-124.96685,CGMCE-09OSPM-00009,SKQ201808S,CGVEH-CWFPCE-99103,1,,SR1813,,,533,533,,,B
9,CE09OSPM-WFP01-02-DOFSTK000,CGINS-DOFSTK-02496,2018-03-26T20:20:00,2018-09-23T20:31:00,46.85372,-124.96685,CGMCE-09OSPM-00009,SKQ201808S,CGVEH-CWFPCE-99103,1,,SR1813,,,533,533,,,B
9,CE09OSPM-WFP01-03-CTDPFK000,CGINS-CTDPFK-00110,2018-03-26T20:20:00,2018-09-23T20:31:00,46.85372,-124.96685,CGMCE-09OSPM-00009,SKQ201808S,CGVEH-CWFPCE-99103,1,,SR1813,,,533,533,,,B
9,CE09OSPM-WFP01-04-FLORTK000,,2018-03-26T20:20:00,2018-09-23T20:31:00,46.85372,-124.96685,CGMCE-09OSPM-00009,#SKQ201808S,CGVEH-CWFPCE-99103,1,,#SR1813,,,533,533,Not Deployed,,B
9,CE09OSPM-WFP01-05-PARADK000,CGINS-PARADK-20438,2018-03-26T20:20:00,2018-09-23T20:31:00,46.85372,-124.96685,CGMCE-09OSPM-00009,SKQ201808S,CGVEH-CWFPCE-99103,1,,SR1813,,,533,533,,,B
10,CE09OSPM-SBS01-00-STCENG000,CGCON-BSTC01-00003,2018-09-23T19:48:00,2019-05-04T21:22:00,46.85067,-124.97011,CGMCE-09OSPM-00010,SR1813,,1,,SKQ201910S,,,0,533,,,B
10,CE09OSPM-SBS01-01-MOPAK0000,CGINS-MOPAK0-11353,2018-09-23T19:48:00,2019-05-04T21:22:00,46.85067,-124.97011,CGMCE-09OSPM-00010,SR1813,CGVEH-CWFPCE-37801,1,,SKQ201910S,,,0,533,,,B
10,CE09OSPM-WFP01-00-WFPENG000,CGCON-CWFPCE-37801,2018-09-23T19:48:00,2019-05-04T21:22:00,46.85067,-124.97011,CGMCE-09OSPM-00010,SR1813,CGVEH-CWFPCE-37801,1,,SKQ201910S,,,533,533,,,B
10,CE09OSPM-WFP01-01-VEL3DK000,CGINS-VEL3DK-00475,2018-09-23T19:48:00,2019-05-04T21:22:00,46.85067,-124.97011,CGMCE-09OSPM-00010,SR1813,CGVEH-CWFPCE-37801,1,,SKQ201910S,,,533,533,,,B
10,CE09OSPM-WFP01-02-DOFSTK000,CGINS-DOFSTK-03535,2018-09-23T19:48:00,2019-05-04T21:22:00,46.85067,-124.97011,CGMCE-09OSPM-00010,SR1813,CGVEH-CWFPCE-37801,1,,SKQ201910S,,,533,533,,,B
10,CE09OSPM-WFP01-03-CTDPFK000,CGINS-CTDPFK-00189,2018-09-23T19:48:00,2019-05-04T21:22:00,46.85067,-124.97011,CGMCE-09OSPM-00010,SR1813,CGVEH-CWFPCE-37801,1,,SKQ201910S,,,533,533,,,B
10,CE09OSPM-WFP01-04-FLORTK000,CGINS-FLORTK-01602,2018-09-23T19:48:00,2019-05-04T21:22:00,46.85067,-124.97011,CGMCE-09OSPM-00010,SR1813,CGVEH-CWFPCE-37801,1,,SKQ201910S,,,533,533,,,B
10,CE09OSPM-WFP01-05-PARADK000,CGINS-PARADK-20555,2018-09-23T19:48:00,2019-05-04T21:22:00,46.85067,-124.97011,CGMCE-09OSPM-00010,SR1813,CGVEH-CWFPCE-37801,1,,SKQ201910S,,,533,533,,,B
11,CE09OSPM-SBS01-00-STCENG000,CGCON-BSTC01-00011,2019-05-04T18:38:00,2019-10-13T22:13:00,46.85283,-124.96643,CGMCE-09OSPM-00011,OC1905C,,1,,SKQ201921S,,,0,533,,,B
11,CE09OSPM-SBS01-01-MOPAK0000,CGINS-MOPAK0-11343,2019-05-04T18:38:00,2019-10-13T22:13:00,46.85283,-124.96643,CGMCE-09OSPM-00011,OC1905C,CGVEH-CWFPCE-99103,1,,SKQ201921S,,,0,533,,,B
11,CE09OSPM-WFP01-00-WFPENG000,CGCON-CWFPCE-99103,2019-05-04T18:38:00,2019-10-13T22:13:00,46.85283,-124.96643,CGMCE-09OSPM-00011,OC1905C,CGVEH-CWFPCE-99103,1,,SKQ201921S,,,533,533,,,B
11,CE09OSPM-WFP01-01-VEL3DK000,CGINS-VEL3DK-00014,2019-05-04T18:38:00,2019-10-13T22:13:00,46.85283,-124.96643,CGMCE-09OSPM-00011,OC1905C,CGVEH-CWFPCE-99103,1,,SKQ201921S,,,533,533,,,B
11,CE09OSPM-WFP01-02-DOFSTK000,CGINS-DOFSTK-02496,2019-05-04T18:38:00,2019-10-13T22:13:00,46.85283,-124.96643,CGMCE-09OSPM-00011,OC1905C,CGVEH-CWFPCE-99103,1,,SKQ201921S,,,533,533,,,B
11,CE09OSPM-WFP01-03-CTDPFK000,CGINS-CTDPFK-00110,2019-05-04T18:38:00,2019-10-13T22:13:00,46.85283,-124.96643,CGMCE-09OSPM-00011,OC1905C,CGVEH-CWFPCE-99103,1,,SKQ201921S,,,533,533,,,B
11,CE09OSPM-WFP01-04-FLORTK000,CGINS-FLORTK-01707,2019-05-04T18:38:00,2019-10-13T22:13:00,46.85283,-124.96643,CGMCE-09OSPM-00011,OC1905C,CGVEH-CWFPCE-99103,1,,SKQ201921S,,,533,533,,,B
11,CE09OSPM-WFP01-05-PARADK000,CGINS-PARADK-20438,2019-05-04T18:38:00,2019-10-13T22:13:00,46.85283,-124.96643,CGMCE-09OSPM-00011,OC1905C,CGVEH-CWFPCE-99103,1,,SKQ201921S,,,533,533,,,B
12,CE09OSPM-SBS01-00-STCENG000,CGCON-BSTC01-00003,2019-10-11T02:55:00,2020-07-05T22:05:00,46.85253,-124.97378,CGMCE-09OSPM-00012,SKQ201921S,,1,,TN380,,,0,533,,,B
12,CE09OSPM-SBS01-01-MOPAK0000,CGINS-MOPAK0-11353,2019-10-11T02:55:00,2020-07-05T22:05:00,46.85253,-124.97378,CGMCE-09OSPM-00012,SKQ201921S,CGVEH-CWFPCE-37801,1,,TN380,,,0,533,,,B
12,CE09OSPM-WFP01-00-WFPENG000,CGCON-CWFPCE-37801,2019-10-11T02:55:00,2020-07-05T22:05:00,46.85253,-124.97378,CGMCE-09OSPM-00012,SKQ201921S,CGVEH-CWFPCE-37801,1,,TN380,,,533,533,,,B
12,CE09OSPM-WFP01-01-VEL3DK000,CGINS-VEL3DK-00475,2019-10-11T02:55:00,2020-07-05T22:05:00,46.85253,-124.97378,CGMCE-09OSPM-00012,SKQ201921S,CGVEH-CWFPCE-37801,1,,TN380,,,533,533,,,B
12,CE09OSPM-WFP01-02-DOFSTK000,CGINS-DOFSTK-03535,2019-10-11T02:55:00,2020-07-05T22:05:00,46.85253,-124.97378,CGMCE-09OSPM-00012,SKQ201921S,CGVEH-CWFPCE-37801,1,,TN380,,,533,533,,,B
12,CE09OSPM-WFP01-03-CTDPFK000,CGINS-CTDPFK-00189,2019-10-11T02:55:00,2020-07-05T22:05:00,46.85253,-124.97378,CGMCE-09OSPM-00012,SKQ201921S,CGVEH-CWFPCE-37801,1,,TN380,,,533,533,,,B
12,CE09OSPM-WFP01-04-FLORTK000,CGINS-FLORTK-01602,2019-10-11T02:55:00,2020-07-05T22:05:00,46.85253,-124.97378,CGMCE-09OSPM-00012,SKQ201921S,CGVEH-CWFPCE-37801,1,,TN380,,,533,533,,,B
12,CE09OSPM-WFP01-05-PARADK000,CGINS-PARADK-20555,2019-10-11T02:55:00,2020-07-05T22:05:00,46.85253,-124.97378,CGMCE-09OSPM-00012,SKQ201921S,CGVEH-CWFPCE-37801,1,,TN380,,,533,533,,,B
13,CE09OSPM-SBS01-00-STCENG000,CGCON-BSTC01-00011,2020-07-06T18:30:00,2021-03-26T21:55:00,46.85300,-124.98072,CGMCE-09OSPM-00013,TN380,,1,,SKQ202104S,,,0,533,,,B
13,CE09OSPM-SBS01-01-MOPAK0000,CGINS-MOPAK0-11343,2020-07-06T18:30:00,2021-03-26T21:55:00,46.85300,-124.98072,CGMCE-09OSPM-00013,TN380,CGVEH-CWFPCE-99103,1,,SKQ202104S,,,0,533,,,B
13,CE09OSPM-WFP01-00-WFPENG000,CGCON-CWFPCE-99103,2020-07-06T18:30:00,2021-03-26T21:55:00,46.85300,-124.98072,CGMCE-09OSPM-00013,TN380,CGVEH-CWFPCE-99103,1,,SKQ202104S,,,533,533,,,B
13,CE09OSPM-WFP01-01-VEL3DK000,CGINS-VEL3DK-00014,2020-07-06T18:30:00,2021-03-26T21:55:00,46.85300,-124.98072,CGMCE-09OSPM-00013,TN380,CGVEH-CWFPCE-99103,1,,SKQ202104S,,,533,533,,,B
13,CE09OSPM-WFP01-02-DOFSTK000,CGINS-DOFSTK-02496,2020-07-06T18:30:00,2021-03-26T21:55:00,46.85300,-124.98072,CGMCE-09OSPM-00013,TN380,CGVEH-CWFPCE-99103,1,,SKQ202104S,,,533,533,,,B
13,CE09OSPM-WFP01-03-CTDPFK000,CGINS-CTDPFK-00110,2020-07-06T18:30:00,2021-03-26T21:55:00,46.85300,-124.98072,CGMCE-09OSPM-00013,TN380,CGVEH-CWFPCE-99103,1,,SKQ202104S,,,533,533,,,B
13,CE09OSPM-WFP01-04-FLORTK000,CGINS-FLORTK-01707,2020-07-06T18:30:00,2021-03-26T21:55:00,46.85300,-124.98072,CGMCE-09OSPM-00013,TN380,CGVEH-CWFPCE-99103,1,,SKQ202104S,,,533,533,,,B
13,CE09OSPM-WFP01-05-PARADK000,CGINS-PARADK-20438,2020-07-06T18:30:00,2021-03-26T21:55:00,46.85300,-124.98072,CGMCE-09OSPM-00013,TN380,CGVEH-CWFPCE-99103,1,,SKQ202104S,,,533,533,,,B
14,CE09OSPM-SBS01-00-STCENG000,CGCON-BSTC01-00003,2021-03-26T19:53:00,2021-09-13T15:12:00,46.85280,-124.97100,CGMCE-09OSPM-00014,SKQ202104S,,1,,TN394,,,0,533,,,B
14,CE09OSPM-SBS01-01-MOPAK0000,CGINS-MOPAK0-11353,2021-03-26T19:53:00,2021-09-13T15:12:00,46.85280,-124.97100,CGMCE-09OSPM-00014,SKQ202104S,CGVEH-CWFPCE-37801,1,,TN394,,,0,533,,,B
14,CE09OSPM-WFP01-00-WFPENG000,CGCON-CWFPCE-37801,2021-03-26T19:53:00,2021-09-13T15:12:00,46.85280,-124.97100,CGMCE-09OSPM-00014,SKQ202104S,CGVEH-CWFPCE-37801,1,,TN394,,,533,533,,,B
14,CE09OSPM-WFP01-01-VEL3DK000,CGINS-VEL3DK-00475,2021-03-26T19:53:00,2021-09-13T15:12:00,46.85280,-124.97100,CGMCE-09OSPM-00014,SKQ202104S,CGVEH-CWFPCE-37801,1,,TN394,,,533,533,,,B
14,CE09OSPM-WFP01-02-DOFSTK000,CGINS-DOFSTK-03535,2021-03-26T19:53:00,2021-09-13T15:12:00,46.85280,-124.97100,CGMCE-09OSPM-00014,SKQ202104S,CGVEH-CWFPCE-37801,1,,TN394,,,533,533,,,B
14,CE09OSPM-WFP01-03-CTDPFK000,CGINS-CTDPFK-00189,2021-03-26T19:53:00,2021-09-13T15:12:00,46.85280,-124.97100,CGMCE-09OSPM-00014,SKQ202104S,CGVEH-CWFPCE-37801,1,,TN394,,,533,533,,,B
14,CE09OSPM-WFP01-04-FLORTK000,CGINS-FLORTK-01602,2021-03-26T19:53:00,2021-09-13T15:12:00,46.85280,-124.97100,CGMCE-09OSPM-00014,SKQ202104S,CGVEH-CWFPCE-37801,1,,TN394,,,533,533,,,B
14,CE09OSPM-WFP01-05-PARADK000,CGINS-PARADK-20555,2021-03-26T19:53:00,2021-09-13T15:12:00,46.85280,-124.97100,CGMCE-09OSPM-00014,SKQ202104S,CGVEH-CWFPCE-37801,1,,TN394,,,533,533,,,B
15,CE09OSPM-SBS01-00-STCENG000,CGCON-BSTC01-00011,2021-09-13T23:26:00,2022-03-24T01:54:00,46.85360,-124.97988,CGMCE-09OSPM-00015,TN394,,1,,SKQ202205S,,,0,533,,,B
15,CE09OSPM-SBS01-01-MOPAK0000,CGINS-MOPAK0-11343,2021-09-13T23:26:00,2022-03-24T01:54:00,46.85360,-124.97988,CGMCE-09OSPM-00015,TN394,CGVEH-CWFPCE-99103,1,,SKQ202205S,,,0,533,,,B
15,CE09OSPM-WFP01-00-WFPENG000,CGCON-CWFPCE-99103,2021-09-13T23:26:00,2022-03-24T01:54:00,46.85360,-124.97988,CGMCE-09OSPM-00015,TN394,CGVEH-CWFPCE-99103,1,,SKQ202205S,,,533,533,,,B
15,CE09OSPM-WFP01-01-VEL3DK000,CGINS-VEL3DK-00014,2021-09-13T23:26:00,2022-03-24T01:54:00,46.85360,-124.97988,CGMCE-09OSPM-00015,TN394,CGVEH-CWFPCE-99103,1,,SKQ202205S,,,533,533,,,B
15,CE09OSPM-WFP01-02-DOFSTK000,CGINS-DOFSTK-02496,2021-09-13T23:26:00,2022-03-24T01:54:00,46.85360,-124.97988,CGMCE-09OSPM-00015,TN394,CGVEH-CWFPCE-99103,1,,SKQ202205S,,,533,533,,,B
15,CE09OSPM-WFP01-03-CTDPFK000,CGINS-CTDPFK-00110,2021-09-13T23:26:00,2022-03-24T01:54:00,46.85360,-124.97988,CGMCE-09OSPM-00015,TN394,CGVEH-CWFPCE-99103,1,,SKQ202205S,,,533,533,,,B
15,CE09OSPM-WFP01-04-FLORTK000,CGINS-FLORTK-01707,2021-09-13T23:26:00,2022-03-24T01:54:00,46.85360,-124.97988,CGMCE-09OSPM-00015,TN394,CGVEH-CWFPCE-99103,1,,SKQ202205S,,,533,533,,,B
15,CE09OSPM-WFP01-05-PARADK000,CGINS-PARADK-20438,2021-09-13T23:26:00,2022-03-24T01:54:00,46.85360,-124.97988,CGMCE-09OSPM-00015,TN394,CGVEH-CWFPCE-99103,1,,SKQ202205S,,,533,533,,,B
16,CE09OSPM-SBS01-00-STCENG000,CGCON-BSTC01-00003,2022-03-23T04:40:00,2022-09-26T14:09:00,46.85147,-124.97140,CGMCE-09OSPM-00016,SKQ202205S,,1,,TN408,,,0,533,,,B
16,CE09OSPM-SBS01-01-MOPAK0000,CGINS-MOPAK0-11353,2022-03-23T04:40:00,2022-09-26T14:09:00,46.85147,-124.97140,CGMCE-09OSPM-00016,SKQ202205S,CGVEH-CWFPCE-37801,1,,TN408,,,0,533,,,B
16,CE09OSPM-WFP01-00-WFPENG000,CGCON-CWFPCE-37801,2022-03-23T04:40:00,2022-09-26T14:09:00,46.85147,-124.97140,CGMCE-09OSPM-00016,SKQ202205S,CGVEH-CWFPCE-37801,1,,TN408,,,533,533,,,B
16,CE09OSPM-WFP01-01-VEL3DK000,CGINS-VEL3DK-00475,2022-03-23T04:40:00,2022-09-26T14:09:00,46.85147,-124.97140,CGMCE-09OSPM-00016,SKQ202205S,CGVEH-CWFPCE-37801,1,,TN408,,,533,533,,,B
16,CE09OSPM-WFP01-02-DOFSTK000,CGINS-DOFSTK-03535,2022-03-23T04:40:00,2022-09-26T14:09:00,46.85147,-124.97140,CGMCE-09OSPM-00016,SKQ202205S,CGVEH-CWFPCE-37801,1,,TN408,,,533,533,,,B
16,CE09OSPM-WFP01-03-CTDPFK000,CGINS-CTDPFK-00189,2022-03-23T04:40:00,2022-09-26T14:09:00,46.85147,-124.97140,CGMCE-09OSPM-00016,SKQ202205S,CGVEH-CWFPCE-37801,1,,TN408,,,533,533,,,B
16,CE09OSPM-WFP01-04-FLORTK000,CGINS-FLORTK-01602,2022-03-23T04:40:00,2022-09-26T14:09:00,46.85147,-124.97140,CGMCE-09OSPM-00016,SKQ202205S,CGVEH-CWFPCE-37801,1,,TN408,,,533,533,,,B
16,CE09OSPM-WFP01-05-PARADK000,CGINS-PARADK-20555,2022-03-23T04:40:00,2022-09-26T14:09:00,46.85147,-124.97140,CGMCE-09OSPM-00016,SKQ202205S,CGVEH-CWFPCE-37801,1,,TN408,,,533,533,,,B
17,CE09OSPM-SBS01-00-STCENG000,CGCON-BSTC01-00011,2022-09-23T23:20:00,2023-03-12T20:38:00,46.85440,-124.97970,CGMCE-09OSPM-00017,TN408,,1,,SKQ202304S,,,0,533,,,B
17,CE09OSPM-SBS01-01-MOPAK0000,CGINS-MOPAK0-11343,2022-09-23T23:20:00,2023-03-12T20:38:00,46.85440,-124.97970,CGMCE-09OSPM-00017,TN408,CGVEH-CWFPCE-99103,1,,SKQ202304S,,,0,533,,,B
17,CE09OSPM-WFP01-00-WFPENG000,CGCON-CWFPCE-99103,2022-09-23T23:20:00,2023-03-12T20:38:00,46.85440,-124.97970,CGMCE-09OSPM-00017,TN408,CGVEH-CWFPCE-99103,1,,SKQ202304S,,,533,533,,,B
17,CE09OSPM-WFP01-01-VEL3DK000,CGINS-VEL3DK-00014,2022-09-23T23:20:00,2023-03-12T20:38:00,46.85440,-124.97970,CGMCE-09OSPM-00017,TN408,CGVEH-CWFPCE-99103,1,,SKQ202304S,,,533,533,,,B
17,CE09OSPM-WFP01-02-DOFSTK000,CGINS-DOFSTK-02496,2022-09-23T23:20:00,2023-03-12T20:38:00,46.85440,-124.97970,CGMCE-09OSPM-00017,TN408,CGVEH-CWFPCE-99103,1,,SKQ202304S,,,533,533,,,B
17,CE09OSPM-WFP01-03-CTDPFK000,CGINS-CTDPFK-00110,2022-09-23T23:20:00,2023-03-12T20:38:00,46.85440,-124.97970,CGMCE-09OSPM-00017,TN408,CGVEH-CWFPCE-99103,1,,SKQ202304S,,,533,533,,,B
17,CE09OSPM-WFP01-04-FLORTK000,CGINS-FLORTK-01707,2022-09-23T23:20:00,2023-03-12T20:38:00,46.85440,-124.97970,CGMCE-09OSPM-00017,TN408,CGVEH-CWFPCE-99103,1,,SKQ202304S,,,533,533,,,B
17,CE09OSPM-WFP01-05-PARADK000,CGINS-PARADK-20438,2022-09-23T23:20:00,2023-03-12T20:38:00,46.85440,-124.97970,CGMCE-09OSPM-00017,TN408,CGVEH-CWFPCE-99103,1,,SKQ202304S,,,533,533,,,B
18,CE09OSPM-SBS01-00-STCENG000,CGCON-BSTC01-00003,2023-03-09T03:24:00,2023-09-23T02:14:00,46.85410,-124.97132,CGMCE-09OSPM-00018,SKQ202304S,,1,,AT50-16,,,0,533,,,B
18,CE09OSPM-SBS01-01-MOPAK0000,CGINS-MOPAK0-11353,2023-03-09T03:24:00,2023-09-23T02:14:00,46.85410,-124.97132,CGMCE-09OSPM-00018,SKQ202304S,CGVEH-CWFPCE-37801,1,,AT50-16,,,0,533,,,B
18,CE09OSPM-WFP01-00-WFPENG000,CGCON-CWFPCE-37801,2023-03-09T03:24:00,2023-09-23T02:14:00,46.85410,-124.97132,CGMCE-09OSPM-00018,SKQ202304S,CGVEH-CWFPCE-37801,1,,AT50-16,,,533,533,,,B
18,CE09OSPM-WFP01-01-VEL3DK000,CGINS-VEL3DK-00475,2023-03-09T03:24:00,2023-09-23T02:14:00,46.85410,-124.97132,CGMCE-09OSPM-00018,SKQ202304S,CGVEH-CWFPCE-37801,1,,AT50-16,,,533,533,,,B
18,CE09OSPM-WFP01-02-DOFSTK000,CGINS-DOFSTK-04361,2023-03-09T03:24:00,2023-09-23T02:14:00,46.85410,-124.97132,CGMCE-09OSPM-00018,SKQ202304S,CGVEH-CWFPCE-37801,1,,AT50-16,,,533,533,,,B
18,CE09OSPM-WFP01-03-CTDPFK000,CGINS-CTDPFK-00189,2023-03-09T03:24:00,2023-09-23T02:14:00,46.85410,-124.97132,CGMCE-09OSPM-00018,SKQ202304S,CGVEH-CWFPCE-37801,1,,AT50-16,,,533,533,,,B
18,CE09OSPM-WFP01-04-FLORTK000,CGINS-FLORTK-01602,2023-03-09T03:24:00,2023-09-23T02:14:00,46.85410,-124.97132,CGMCE-09OSPM-00018,SKQ202304S,CGVEH-CWFPCE-37801,1,,AT50-16,,,533,533,,,B
18,CE09OSPM-WFP01-05-PARADK000,CGINS-PARADK-20555,2023-03-09T03:24:00,2023-09-23T02:14:00,46.85410,-124.97132,CGMCE-09OSPM-00018,SKQ202304S,CGVEH-CWFPCE-37801,1,,AT50-16,,,533,533,,,B
19,CE09OSPM-SBS01-00-STCENG000,CGCON-BSTC01-00011,2023-09-22T00:15:00,2024-04-03T21:08:00,46.85262,-124.98263,CGMCE-09OSPM-00019,AT50-16,,1,,SKQ202405S,,,0,533,,,B
19,CE09OSPM-SBS01-01-MOPAK0000,CGINS-MOPAK0-11343,2023-09-22T00:15:00,2024-04-03T21:08:00,46.85262,-124.98263,CGMCE-09OSPM-00019,AT50-16,CGVEH-CWFPCE-99103,1,,SKQ202405S,,,0,533,,,B
19,CE09OSPM-WFP01-00-WFPENG000,CGCON-CWFPCE-99103,2023-09-22T00:15:00,2024-04-03T21:08:00,46.85262,-124.98263,CGMCE-09OSPM-00019,AT50-16,CGVEH-CWFPCE-99103,1,,SKQ202405S,,,533,533,,,B
19,CE09OSPM-WFP01-01-VEL3DK000,CGINS-VEL3DK-00014,2023-09-22T00:15:00,2024-04-03T21:08:00,46.85262,-124.98263,CGMCE-09OSPM-00019,AT50-16,CGVEH-CWFPCE-99103,1,,SKQ202405S,,,533,533,,,B
19,CE09OSPM-WFP01-02-DOFSTK000,CGINS-DOFSTK-02708,2023-09-22T00:15:00,2024-04-03T21:08:00,46.85262,-124.98263,CGMCE-09OSPM-00019,AT50-16,CGVEH-CWFPCE-99103,1,,SKQ202405S,,,533,533,,,B
19,CE09OSPM-WFP01-03-CTDPFK000,CGINS-CTDPFK-00124,2023-09-22T00:15:00,2024-04-03T21:08:00,46.85262,-124.98263,CGMCE-09OSPM-00019,AT50-16,CGVEH-CWFPCE-99103,1,,SKQ202405S,,,533,533,,,B
19,CE09OSPM-WFP01-04-FLORTK000,CGINS-FLORTK-01705,2023-09-22T00:15:00,2024-04-03T21:08:00,46.85262,-124.98263,CGMCE-09OSPM-00019,AT50-16,CGVEH-CWFPCE-99103,1,,SKQ202405S,,,533,533,,,B
19,CE09OSPM-WFP01-05-PARADK000,CGINS-PARADK-20611,2023-09-22T00:15:00,2024-04-03T21:08:00,46.85262,-124.98263,CGMCE-09OSPM-00019,AT50-16,CGVEH-CWFPCE-99103,1,,SKQ202405S,,,533,533,,,B
20,CE09OSPM-SBS01-00-STCENG000,CGCON-BSTC01-00003,2024-03-31T17:46:00,2024-10-09T14:59:00,46.85163,-124.97442,CGMCE-09OSPM-00020,SKQ202405S,,1,,SKQ202415S,,,0,533,,,B
20,CE09OSPM-SBS01-01-MOPAK0000,CGINS-MOPAK0-11353,2024-03-31T17:46:00,2024-10-09T14:59:00,46.85163,-124.97442,CGMCE-09OSPM-00020,SKQ202405S,CGVEH-CWFPCE-37801,1,,SKQ202415S,,,0,533,,,B
20,CE09OSPM-WFP01-00-WFPENG000,CGCON-CWFPCE-37801,2024-03-31T17:46:00,2024-10-09T14:59:00,46.85163,-124.97442,CGMCE-09OSPM-00020,SKQ202405S,CGVEH-CWFPCE-37801,1,,SKQ202415S,,,533,533,,,B
20,CE09OSPM-WFP01-01-VEL3DK000,CGINS-VEL3DK-00475,2024-03-31T17:46:00,2024-10-09T14:59:00,46.85163,-124.97442,CGMCE-09OSPM-00020,SKQ202405S,CGVEH-CWFPCE-37801,1,,SKQ202415S,,,533,533,,,B
20,CE09OSPM-WFP01-02-DOFSTK000,CGINS-DOFSTK-02496,2024-03-31T17:46:00,2024-10-09T14:59:00,46.85163,-124.97442,CGMCE-09OSPM-00020,SKQ202405S,CGVEH-CWFPCE-37801,1,,SKQ202415S,,,533,533,,,B
20,CE09OSPM-WFP01-03-CTDPFK000,CGINS-CTDPFK-00110,2024-03-31T17:46:00,2024-10-09T14:59:00,46.85163,-124.97442,CGMCE-09OSPM-00020,SKQ202405S,CGVEH-CWFPCE-37801,1,,SKQ202415S,,,533,533,,,B
20,CE09OSPM-WFP01-04-FLORTK000,CGINS-FLORTK-01707,2024-03-31T17:46:00,2024-10-09T14:59:00,46.85163,-124.97442,CGMCE-09OSPM-00020,SKQ202405S,CGVEH-CWFPCE-37801,1,,SKQ202415S,,,533,533,,,B
20,CE09OSPM-WFP01-05-PARADK000,CGINS-PARADK-20612,2024-03-31T17:46:00,2024-10-09T14:59:00,46.85163,-124.97442,CGMCE-09OSPM-00020,SKQ202405S,CGVEH-CWFPCE-37801,1,,SKQ202415S,,,533,533,,,B
21,CE09OSPM-SBS01-00-STCENG000,CGCON-BSTC01-00003,2024-10-06T00:06:00,,46.85268,-124.98247,CGMCE-09OSPM-00021,SKQ202415S,,1,,,,,0,533,,,B
21,CE09OSPM-SBS01-01-MOPAK0000,CGINS-MOPAK0-11353,2024-10-06T00:06:00,,46.85268,-124.98247,CGMCE-09OSPM-00021,SKQ202415S,CGVEH-CWFPCE-99103,1,,,,,0,533,,,B
21,CE09OSPM-WFP01-00-WFPENG000,CGCON-CWFPCE-99103,2024-10-06T00:06:00,,46.85268,-124.98247,CGMCE-09OSPM-00021,SKQ202415S,CGVEH-CWFPCE-99103,1,,,,,533,533,,,B
21,CE09OSPM-WFP01-01-VEL3DK000,CGINS-VEL3DK-00014,2024-10-06T00:06:00,,46.85268,-124.98247,CGMCE-09OSPM-00021,SKQ202415S,CGVEH-CWFPCE-99103,1,,,,,533,533,,,B
21,CE09OSPM-WFP01-02-DOFSTK000,CGINS-DOFSTK-04511,2024-10-06T00:06:00,,46.85268,-124.98247,CGMCE-09OSPM-00021,SKQ202415S,CGVEH-CWFPCE-99103,1,,,,,533,533,,,B
21,CE09OSPM-WFP01-03-CTDPFK000,CGINS-CTDPFK-00257,2024-10-06T00:06:00,,46.85268,-124.98247,CGMCE-09OSPM-00021,SKQ202415S,CGVEH-CWFPCE-99103,1,,,,,533,533,,,B
21,CE09OSPM-WFP01-04-FLORTK000,CGINS-FLORTK-01602,2024-10-06T00:06:00,,46.85268,-124.98247,CGMCE-09OSPM-00021,SKQ202415S,CGVEH-CWFPCE-99103,1,,,,,533,533,,,B
21,CE09OSPM-WFP01-05-PARADK000,CGINS-PARADK-20555,2024-10-06T00:06:00,,46.85268,-124.98247,CGMCE-09OSPM-00021,SKQ202415S,CGVEH-CWFPCE-99103,1,,,,,533,533,,,B
